{"nonmarket_pct":36.242464204682946,"growth_factor":4.940792936908937,"cm_hellinger":0.9992064186702582,"cm_pvalue":0.0,"nonmarket_ci":[30.081245289886844,42.40368311947904],"peak_mileage":18.75,"premium_ci":[38.3051236999793,52.492206551823486],"premium_pct":47.29027617281395,"premium_ipw":40.196734746891856,"growth_ci":[4.5455295019562225,5.336056371861653]}